<?xml version="1.0" encoding="UTF-8"?>

<channel name="xfce4-mixer" version="1.0">
  <property name="sound-card" type="string" value="omap3pandoraAlsamixer"/>
  <property name="window-height" type="int" value="400"/>
  <property name="window-width" type="int" value="600"/>
  <property name="sound-cards" type="empty">
    <property name="omap3pandoraAlsamixer" type="array">
      <value type="string" value="Capture"/>
      <value type="string" value="Input Boost"/>
    </property>
  </property>
</channel>
