<?xml version="1.0" encoding="UTF-8"?>

<channel name="xsettings" version="1.0">
  <property name="Net" type="empty">
    <property name="ThemeName" type="string" value="Xfce"/>
    <property name="IconThemeName" type="string" value="elementary"/>
  </property>
  <property name="Xft" type="empty">
    <property name="DPI" type="empty"/>
  </property>
  <property name="Gtk" type="empty">
    <property name="MenuImages" type="bool" value="true"/>
    <property name="ButtonImages" type="bool" value="true"/>
  </property>
</channel>
