<?xml version="1.0" encoding="UTF-8"?>
<!DOCTYPE config SYSTEM "config.dtd">
<panels>
	<panel>
		<properties>
			<property name="size" value="36"/>
			<property name="monitor" value="0"/>
			<property name="screen-position" value="11"/>
			<property name="fullwidth" value="1"/>
			<property name="xoffset" value="0"/>
			<property name="yoffset" value="442"/>
			<property name="handlestyle" value="0"/>
			<property name="autohide" value="0"/>
			<property name="transparency" value="20"/>
			<property name="activetrans" value="0"/>
		</properties>
		<items>
			<item name="xfce4-menu" id="12601241641"/>
			<item name="separator" id="6"/>
			<item name="launcher" id="9"/>
			<item name="launcher" id="10"/>
			<item name="launcher" id="12597623311"/>
			<item name="launcher" id="12597622490"/>
			<item name="separator" id="13"/>
			<item name="iconbox" id="12609976590"/>
			<item name="systray" id="4"/>
			<item name="pager" id="2"/>
			<item name="clock" id="14"/>
			<item name="showdesktop" id="1"/>
			<item name="windowlist" id="12589448981"/>
		</items>
	</panel>
</panels>
